Ticker,Company,Date,Title,Source,URL,Full_Content
ADH,DOUJA PROM ADDOHA,"September 30, 2025","Douja Promotion Groupe Addoha S.A. announces Annual dividend, payable on September 30, 2025",CI,https://www.marketscreener.com/quote/stock/DOUJA-PROMOTION-GROUPE-AD-1408674/news/Douja-Promotion-Groupe-Addoha-S-A-announces-Annual-dividend-payable-on-September-30-2025-50088762/,
ADH,DOUJA PROM ADDOHA,"June 30, 2024","Douja Promotion Groupe Addoha S.A. Reports Earnings Results for the Half Year Ended June 30, 2024",CI,https://www.marketscreener.com/quote/stock/DOUJA-PROMOTION-GROUPE-AD-1408674/news/Douja-Promotion-Groupe-Addoha-S-A-Reports-Earnings-Results-for-the-Half-Year-Ended-June-30-2024-49246083/,
ADH,DOUJA PROM ADDOHA,"December 31, 2023","Douja Promotion Groupe Addoha S.A. Reports Earnings Results for the Full Year Ended December 31, 2023",CI,https://www.marketscreener.com/quote/stock/DOUJA-PROMOTION-GROUPE-AD-1408674/news/Douja-Promotion-Groupe-Addoha-S-A-Reports-Earnings-Results-for-the-Full-Year-Ended-December-31-202-46763940/,
ADH,DOUJA PROM ADDOHA,"June 30, 2023","Douja Promotion Groupe Addoha S.A. Reports Earnings Results for the Half Year Ended June 30, 2023",CI,https://www.marketscreener.com/quote/stock/DOUJA-PROMOTION-GROUPE-AD-1408674/news/Douja-Promotion-Groupe-Addoha-S-A-Reports-Earnings-Results-for-the-Half-Year-Ended-June-30-2023-45040207/,
ADH,DOUJA PROM ADDOHA,"December 31, 2022","Douja Promotion Groupe Addoha S.A. Reports Earnings Results for the Full Year Ended December 31, 2022",CI,https://www.marketscreener.com/quote/stock/DOUJA-PROMOTION-GROUPE-AD-1408674/news/Douja-Promotion-Groupe-Addoha-S-A-Reports-Earnings-Results-for-the-Full-Year-Ended-December-31-202-43973276/,
ADH,DOUJA PROM ADDOHA,"June 30, 2022","Douja Promotion Groupe Addoha S.A. Reports Earnings Results for the Half Year Ended June 30, 2022",CI,https://www.marketscreener.com/quote/stock/DOUJA-PROMOTION-GROUPE-AD-1408674/news/Douja-Promotion-Groupe-Addoha-S-A-Reports-Earnings-Results-for-the-Half-Year-Ended-June-30-2022-41978827/,
ADH,DOUJA PROM ADDOHA,"December 31, 2021","Douja Promotion Groupe Addoha S.A. Reports Earnings Results for the Full Year Ended December 31, 2021",CI,https://www.marketscreener.com/quote/stock/DOUJA-PROMOTION-GROUPE-AD-1408674/news/Douja-Promotion-Groupe-Addoha-S-A-Reports-Earnings-Results-for-the-Full-Year-Ended-December-31-202-40908144/,
ADH,DOUJA PROM ADDOHA,"March 18, 2014","Douja Promotion Groupe Addoha S.A.'s Equity Buyback announced on March 18, 2014 has expired.",CI,https://www.marketscreener.com/quote/stock/DOUJA-PROMOTION-GROUPE-AD-1408674/news/Douja-Promotion-Groupe-Addoha-S-A-s-Equity-Buyback-announced-on-March-18-2014-has-expired-38237933/,
ADH,DOUJA PROM ADDOHA,,Douja Promotion Groupe Addoha S.A.(CBSE:ADH) dropped from S&P Global BMI Index,CI,https://www.marketscreener.com/quote/stock/DOUJA-PROMOTION-GROUPE-AD-1408674/news/Douja-Promotion-Groupe-Addoha-S-A-CBSE-ADH-dropped-from-S-P-Global-BMI-Index-38242026/,
ADH,DOUJA PROM ADDOHA,,Douja Promotion Groupe Addoha S.A.(CBSE:ADH) dropped from Russell Global Index,CI,https://www.marketscreener.com/quote/stock/DOUJA-PROMOTION-GROUPE-AD-1408674/news/Douja-Promotion-Groupe-Addoha-S-A-CBSE-ADH-dropped-from-Russell-Global-Index-38327654/,
ADH,DOUJA PROM ADDOHA,,Douja Promotion Groupe Addoha S.A.(CBSE:ADH) dropped from FTSE All-World Index,CI,https://www.marketscreener.com/quote/stock/DOUJA-PROMOTION-GROUPE-AD-1408674/news/Douja-Promotion-Groupe-Addoha-S-A-CBSE-ADH-dropped-from-FTSE-All-World-Index-38334786/,
ADH,DOUJA PROM ADDOHA,,Groupe Addoha : Real Estate: Moroccan Group Addoha Unveils New Strategic Plan,BU,https://www.marketscreener.com/quote/stock/DOUJA-PROMOTION-GROUPE-AD-1408674/news/Groupe-Addoha-Real-Estate-Moroccan-Group-Addoha-Unveils-New-Strategic-Plan-19694871/,
ADH,DOUJA PROM ADDOHA,,"Douja Promotion Groupe Addoha S.A. announces an Equity Buyback for 3,225,571 shares, for MAD 258.05 million.",CI,https://www.marketscreener.com/quote/stock/DOUJA-PROMOTION-GROUPE-AD-1408674/news/Douja-Promotion-Groupe-Addoha-S-A-announces-an-Equity-Buyback-for-3-225-571-shares-for-MAD-258-05-38783704/,
ADH,DOUJA PROM ADDOHA,,Douja Promotion Groupe Addoha S.A authorizes a Buyback plan.,CI,https://www.marketscreener.com/quote/stock/DOUJA-PROMOTION-GROUPE-AD-1408674/news/Douja-Promotion-Groupe-Addoha-S-A-authorizes-a-Buyback-plan-38787070/,
ADH,DOUJA PROM ADDOHA,,Addoha Group to Invest EUR 100 Million in Affordable Housing and Cement Production in Ghana,CI,https://www.marketscreener.com/quote/stock/DOUJA-PROMOTION-GROUPE-AD-1408674/news/Addoha-Group-to-Invest-EUR-100-Million-in-Affordable-Housing-and-Cement-Production-in-Ghana-38808901/,
ADH,DOUJA PROM ADDOHA,,Douja Promotion Groupe Addoha S.A.'s Equity Buyback in the amount of MAD504 mm has expired,CI,https://www.marketscreener.com/quote/stock/DOUJA-PROMOTION-GROUPE-AD-1408674/news/Douja-Promotion-Groupe-Addoha-S-A-s-Equity-Buyback-in-the-amount-of-MAD504-mm-has-expired-39127521/,
AKT,AKDITAL,,"An undisclosed buyer acquired 10.5% stake in Akdital S.A from Mediterrania Capital III LP, a fund managed by Mediterrània Capital Partners Limited.",CI,https://www.marketscreener.com/quote/stock/AKDITAL-S-A-147975645/news/An-undisclosed-buyer-acquired-10-5-stake-in-Akdital-S-A-from-Mediterrania-Capital-III-LP-a-fund-ma-49764041/,
AKT,AKDITAL,,Morocco's Akdital to open two hospitals in Saudi Arabia worth $200 mln,RE,https://www.marketscreener.com/quote/stock/AKDITAL-S-A-147975645/news/Morocco-s-Akdital-to-open-two-hospitals-in-Saudi-Arabia-worth-200-mln-49647857/,
AKT,AKDITAL,,Akdital S.A completed the acquisition of Polyclinique Laâyoune and Al Hikma Medical Center.,CI,https://www.marketscreener.com/quote/stock/AKDITAL-S-A-147975645/news/Akdital-S-A-completed-the-acquisition-of-Polyclinique-Laayoune-and-Al-Hikma-Medical-Center-49545427/,
AKT,AKDITAL,"December 31, 2024","Akdital S.A Reports Earnings Results for the Full Year Ended December 31, 2024",CI,https://www.marketscreener.com/quote/stock/AKDITAL-S-A-147975645/news/Akdital-S-A-Reports-Earnings-Results-for-the-Full-Year-Ended-December-31-2024-49440110/,
AKT,AKDITAL,"August 05, 2025","Akdital S.A announces Annual dividend, payable on August 05, 2025",CI,https://www.marketscreener.com/quote/stock/AKDITAL-S-A-147975645/news/Akdital-S-A-announces-Annual-dividend-payable-on-August-05-2025-50037777/,
AKT,AKDITAL,,Akdital S.A agreed to acquire Polyclinique Laâyoune and Al Hikma Medical Center.,CI,https://www.marketscreener.com/quote/stock/AKDITAL-S-A-147975645/news/Akdital-S-A-agreed-to-acquire-Polyclinique-Laayoune-and-Al-Hikma-Medical-Center-49545438/,
AKT,AKDITAL,"June 30, 2024","Akdital S.A Reports Earnings Results for the Half Year Ended June 30, 2024",CI,https://www.marketscreener.com/quote/stock/AKDITAL-S-A-147975645/news/Akdital-S-A-Reports-Earnings-Results-for-the-Half-Year-Ended-June-30-2024-47979436/,
AKT,AKDITAL,"December 31, 2023","Akdital S.A Reports Earnings Results for the Full Year Ended December 31, 2023",CI,https://www.marketscreener.com/quote/stock/AKDITAL-S-A-147975645/news/Akdital-S-A-Reports-Earnings-Results-for-the-Full-Year-Ended-December-31-2023-47429249/,
AKT,AKDITAL,"June 30, 2023","Akdital S.A Reports Earnings Results for the Half Year Ended June 30, 2023",CI,https://www.marketscreener.com/quote/stock/AKDITAL-S-A-147975645/news/Akdital-S-A-Reports-Earnings-Results-for-the-Half-Year-Ended-June-30-2023-44959135/,
AKT,AKDITAL,,Akdital S.A(CBSE:AKT) added to S&P Pan Arab Composite,CI,https://www.marketscreener.com/quote/stock/AKDITAL-S-A-147975645/news/Akdital-S-A-CBSE-AKT-added-to-S-P-Pan-Arab-Composite-44150369/,
AKT,AKDITAL,"December 31, 2022","Akdital S.A Reports Earnings Results for the Full Year Ended December 31, 2022",CI,https://www.marketscreener.com/quote/stock/AKDITAL-S-A-147975645/news/Akdital-S-A-Reports-Earnings-Results-for-the-Full-Year-Ended-December-31-2022-44300974/,
AKT,AKDITAL,"December 31, 2022","Akdital S.A Reports Earnings Results for the Full Year Ended December 31, 2022",CI,https://www.marketscreener.com/quote/stock/AKDITAL-S-A-147975645/news/Akdital-S-A-Reports-Earnings-Results-for-the-Full-Year-Ended-December-31-2022-43601558/,
AKT,AKDITAL,,Akdital S.A(CBSE:AKT) added to MASI Index,CI,https://www.marketscreener.com/quote/stock/AKDITAL-S-A-147975645/news/Akdital-S-A-CBSE-AKT-added-to-MASI-Index-42602853/,
AKT,AKDITAL,,Akdital S.A has completed an IPO in the amount of MAD 1.200018 billion.,CI,https://www.marketscreener.com/quote/stock/AKDITAL-S-A-147975645/news/Akdital-S-A-has-completed-an-IPO-in-the-amount-of-MAD-1-200018-billion-42570315/,
AKT,AKDITAL,,Akdital S.A has filed an IPO in the amount of MAD 1.200018 billion.,CI,https://www.marketscreener.com/quote/stock/AKDITAL-S-A-147975645/news/Akdital-S-A-has-filed-an-IPO-in-the-amount-of-MAD-1-200018-billion-42570395/,
ATW,ATTIJARIWAFA BANK,,Attijariwafa Bank : Mise à jour annuelle du dossier d’information relatif au programme d'émission de certificats de dépôt,PU,https://www.marketscreener.com/quote/stock/ATTIJARIWAFA-BANK-SA-41148801/news/Attijariwafa-Bank-Mise-a-jour-annuelle-du-dossier-d-information-relatif-au-programme-d-emissio-50324550/,
ATW,ATTIJARIWAFA BANK,,Attijariwafa Bank : L’AMMC vise le prospectus relatif à l’émission d’un emprunt obligataire subordonné,PU,https://www.marketscreener.com/quote/stock/ATTIJARIWAFA-BANK-SA-41148801/news/Attijariwafa-Bank-L-AMMC-vise-le-prospectus-relatif-a-l-emission-d-un-emprunt-obligataire-50324548/,
ATW,ATTIJARIWAFA BANK,"March 31, 2025","Attijariwafa bank SA Reports Earnings Results for the First Quarter Ended March 31, 2025",CI,https://www.marketscreener.com/quote/stock/ATTIJARIWAFA-BANK-SA-41148801/news/Attijariwafa-bank-SA-Reports-Earnings-Results-for-the-First-Quarter-Ended-March-31-2025-50092958/,
ATW,ATTIJARIWAFA BANK,,Attijariwafa bank : Financial statements 2024,PU,https://www.marketscreener.com/quote/stock/ATTIJARIWAFA-BANK-SA-41148801/news/Attijariwafa-bank-Financial-statements-2024-49286311/,
ATW,ATTIJARIWAFA BANK,"June 05, 2025","Attijariwafa bank SA announces Annual dividend, payable on June 05, 2025",CI,https://www.marketscreener.com/quote/stock/ATTIJARIWAFA-BANK-SA-41148801/news/Attijariwafa-bank-SA-announces-Annual-dividend-payable-on-June-05-2025-49477652/,
ATW,ATTIJARIWAFA BANK,,Morocco's Attijariwafa Bank reports 26.6% rise in 2024 profit,RE,https://www.marketscreener.com/quote/stock/ATTIJARIWAFA-BANK-SA-41148801/news/Morocco-s-Attijariwafa-Bank-reports-26-6-rise-in-2024-profit-49167626/,
ATW,ATTIJARIWAFA BANK,"December 31, 2024","Attijariwafa bank SA Reports Earnings Results for the Full Year Ended December 31, 2024",CI,https://www.marketscreener.com/quote/stock/ATTIJARIWAFA-BANK-SA-41148801/news/Attijariwafa-bank-SA-Reports-Earnings-Results-for-the-Full-Year-Ended-December-31-2024-49503700/,
ATW,ATTIJARIWAFA BANK,,Attijariwafa Bank : L’AMMC vise le prospectus relatif à l’émission d’un emprunt obligataire subordonné,PU,https://www.marketscreener.com/quote/stock/ATTIJARIWAFA-BANK-SA-41148801/news/Attijariwafa-Bank-L-AMMC-vise-le-prospectus-relatif-a-l-emission-d-un-emprunt-obligataire-48591275/,
ATW,ATTIJARIWAFA BANK,"September 30, 2024","Attijariwafa bank SA Reports Earnings Results for the Nine Months Ended September 30, 2024",CI,https://www.marketscreener.com/quote/stock/ATTIJARIWAFA-BANK-SA-41148801/news/Attijariwafa-bank-SA-Reports-Earnings-Results-for-the-Nine-Months-Ended-September-30-2024-48483025/,
ATW,ATTIJARIWAFA BANK,,Attijariwafa bank : Launches Morocco's First Investment Fund dedicated to Energy Efficiency Projects,PU,https://www.marketscreener.com/quote/stock/ATTIJARIWAFA-BANK-SA-41148801/news/Attijariwafa-bank-Launches-Morocco-s-First-Investment-Fund-dedicated-to-Energy-Efficiency-Projects-47952379/,
ATW,ATTIJARIWAFA BANK,"June 30, 2024","Attijariwafa bank SA Reports Earnings Results for the Half Year Ended June 30, 2024",CI,https://www.marketscreener.com/quote/stock/ATTIJARIWAFA-BANK-SA-41148801/news/Attijariwafa-bank-SA-Reports-Earnings-Results-for-the-Half-Year-Ended-June-30-2024-47936512/,
ATW,ATTIJARIWAFA BANK,,Attijariwafa Bank : L’AMMC vise le prospectus relatif à l’émission d’un emprunt obligataire subordonné,PU,https://www.marketscreener.com/quote/stock/ATTIJARIWAFA-BANK-SA-41148801/news/Attijariwafa-Bank-L-AMMC-vise-le-prospectus-relatif-a-l-emission-d-un-emprunt-obligataire-46978426/,
ATW,ATTIJARIWAFA BANK,,Attijariwafa Bank : Mise à jour annuelle du dossier d’information relatif au programme d'émission de certificats de dépôt,PU,https://www.marketscreener.com/quote/stock/ATTIJARIWAFA-BANK-SA-41148801/news/Attijariwafa-Bank-Mise-a-jour-annuelle-du-dossier-d-information-relatif-au-programme-d-emissio-46978329/,
ATW,ATTIJARIWAFA BANK,"March 31, 2024","Attijariwafa bank SA Reports Earnings Results for the First Quarter Ended March 31, 2024",CI,https://www.marketscreener.com/quote/stock/ATTIJARIWAFA-BANK-SA-41148801/news/Attijariwafa-bank-SA-Reports-Earnings-Results-for-the-First-Quarter-Ended-March-31-2024-46887931/,
ATW,ATTIJARIWAFA BANK,,Attijariwafa bank : Multisectoral Mission Côte d’Ivoire – Egypt by Attijariwafa bank Group’s Africa Development Club,PU,https://www.marketscreener.com/quote/stock/ATTIJARIWAFA-BANK-SA-41148801/news/Attijariwafa-bank-Multisectoral-Mission-Cote-d-Ivoire-Egypt-by-Attijariwafa-bank-Group-s-46634564/,
ATW,ATTIJARIWAFA BANK,"December 31, 2023","Attijariwafa bank SA Reports Earnings Results for the Full Year Ended December 31, 2023",CI,https://www.marketscreener.com/quote/stock/ATTIJARIWAFA-BANK-SA-41148801/news/Attijariwafa-bank-SA-Reports-Earnings-Results-for-the-Full-Year-Ended-December-31-2023-46629689/,
ATW,ATTIJARIWAFA BANK,,Fitch Affirms Attijariwafa Bank at 'BB'/Stable; Upgrades National Rating to 'AA+(mar)',AQ,https://www.marketscreener.com/quote/stock/ATTIJARIWAFA-BANK-SA-41148801/news/Fitch-Affirms-Attijariwafa-Bank-at-BB-Stable-Upgrades-National-Rating-to-AA-mar--45839090/,
ATW,ATTIJARIWAFA BANK,,Attijariwafa Bank : Mise à jour occasionnelle du dossier d’information relatif au programme d'émission de certificats de dépôt,PU,https://www.marketscreener.com/quote/stock/ATTIJARIWAFA-BANK-SA-41148801/news/Attijariwafa-Bank-Mise-a-jour-occasionnelle-du-dossier-d-information-relatif-au-programme-d-em-45645402/,
ATW,ATTIJARIWAFA BANK,,Attijariwafa Bank : L’AMMC vise le prospectus relatif à l’émission d’un emprunt obligataire subordonné perpétuel avec mécanisme d’absorption de pertes et d’annulation de paiement des coupons,PU,https://www.marketscreener.com/quote/stock/ATTIJARIWAFA-BANK-SA-41148801/news/Attijariwafa-Bank-L-AMMC-vise-le-prospectus-relatif-a-l-emission-d-un-emprunt-obligataire-45583220/,
ATW,ATTIJARIWAFA BANK,"September 30, 2023","Attijariwafa bank SA Reports Earnings Results for the Nine Months Ended September 30, 2023",CI,https://www.marketscreener.com/quote/stock/ATTIJARIWAFA-BANK-SA-41148801/news/Attijariwafa-bank-SA-Reports-Earnings-Results-for-the-Nine-Months-Ended-September-30-2023-45416635/,
BCP,BANQUE CENTRALE POPULAIRE,"July 24, 2025","Banque Centrale Populaire announces Annual dividend, payable on July 24, 2025",CI,https://www.marketscreener.com/quote/stock/BANQUE-CENTRALE-POPULAIRE-6498628/news/Banque-Centrale-Populaire-announces-Annual-dividend-payable-on-July-24-2025-50468790/,
BCP,BANQUE CENTRALE POPULAIRE,"March 31, 2025","Banque Centrale Populaire Reports Earnings Results for the First Quarter Ended March 31, 2025",CI,https://www.marketscreener.com/quote/stock/BANQUE-CENTRALE-POPULAIRE-6498628/news/Banque-Centrale-Populaire-Reports-Earnings-Results-for-the-First-Quarter-Ended-March-31-2025-50032070/,
BCP,BANQUE CENTRALE POPULAIRE,"December 31, 2024","Banque Centrale Populaire Reports Earnings Results for the Full Year Ended December 31, 2024",CI,https://www.marketscreener.com/quote/stock/BANQUE-CENTRALE-POPULAIRE-6498628/news/Banque-Centrale-Populaire-Reports-Earnings-Results-for-the-Full-Year-Ended-December-31-2024-49833286/,
BCP,BANQUE CENTRALE POPULAIRE,,Morocco's BCP reports 19.3% rise in 2024 net profit,RE,https://www.marketscreener.com/quote/stock/BANQUE-CENTRALE-POPULAIRE-6498628/news/Morocco-s-BCP-reports-19-3-rise-in-2024-net-profit-49199181/,
BCP,BANQUE CENTRALE POPULAIRE,,Banque Centrale Populaire : BCP – L’AMMC vise le prospectus relatif à l’émission d’un emprunt obligataire subordonné perpétuel avec mécanisme d’absorption de pertes et d’annulation de paiement des coupons,PU,https://www.marketscreener.com/quote/stock/BANQUE-CENTRALE-POPULAIRE-6498628/news/Banque-Centrale-Populaire-BCP-L-AMMC-vise-le-prospectus-relatif-a-l-emission-d-un-empr-48620783/,
BCP,BANQUE CENTRALE POPULAIRE,,Banque Centrale Populaire : Mise à jour annuelle du dossier d’information relatif au programme d'émission de certificats de dépôt,PU,https://www.marketscreener.com/quote/stock/BANQUE-CENTRALE-POPULAIRE-6498628/news/Banque-Centrale-Populaire-Mise-a-jour-annuelle-du-dossier-d-information-relatif-au-programme-d-48620680/,
BCP,BANQUE CENTRALE POPULAIRE,"June 30, 2024","Banque Centrale Populaire Reports Earnings Results for the Half Year Ended June 30, 2024",CI,https://www.marketscreener.com/quote/stock/BANQUE-CENTRALE-POPULAIRE-6498628/news/Banque-Centrale-Populaire-Reports-Earnings-Results-for-the-Half-Year-Ended-June-30-2024-47967045/,
BCP,BANQUE CENTRALE POPULAIRE,,Banque Centrale Populaire : BCP – L’AMMC vise la notice d’information relative au programme de rachat d’actions,PU,https://www.marketscreener.com/quote/stock/BANQUE-CENTRALE-POPULAIRE-6498628/news/Banque-Centrale-Populaire-BCP-L-AMMC-vise-la-notice-d-information-relative-au-programme-de-46959912/,
BCP,BANQUE CENTRALE POPULAIRE,"December 31, 2023","Banque Centrale Populaire Reports Earnings Results for the Full Year Ended December 31, 2023",CI,https://www.marketscreener.com/quote/stock/BANQUE-CENTRALE-POPULAIRE-6498628/news/Banque-Centrale-Populaire-Reports-Earnings-Results-for-the-Full-Year-Ended-December-31-2023-46309425/,
BCP,BANQUE CENTRALE POPULAIRE,,Banque Centrale Populaire : BCP – L’AMMC vise le prospectus relatif à l’émission d’un emprunt obligataire subordonné perpétuel avec mécanisme d’absorption de pertes et d’annulation de paiement des coupons,PU,https://www.marketscreener.com/quote/stock/BANQUE-CENTRALE-POPULAIRE-6498628/news/Banque-Centrale-Populaire-BCP-L-AMMC-vise-le-prospectus-relatif-a-l-emission-d-un-empr-45593129/,
BCP,BANQUE CENTRALE POPULAIRE,,Banque Centrale Populaire : BCP – L’AMMC vise le prospectus relatif à l’émission d’un emprunt obligataire subordonné,PU,https://www.marketscreener.com/quote/stock/BANQUE-CENTRALE-POPULAIRE-6498628/news/Banque-Centrale-Populaire-BCP-L-AMMC-vise-le-prospectus-relatif-a-l-emission-d-un-empr-45593088/,
BCP,BANQUE CENTRALE POPULAIRE,,Banque Centrale Populaire : Mise à jour annuelle du dossier d’information relatif au programme d'émission de certificats de dépôt,PU,https://www.marketscreener.com/quote/stock/BANQUE-CENTRALE-POPULAIRE-6498628/news/Banque-Centrale-Populaire-Mise-a-jour-annuelle-du-dossier-d-information-relatif-au-programme-d-45592793/,
BCP,BANQUE CENTRALE POPULAIRE,"September 30, 2023","Banque Centrale Populaire Reports Earnings Results for the Nine Months Ended September 30, 2023",CI,https://www.marketscreener.com/quote/stock/BANQUE-CENTRALE-POPULAIRE-6498628/news/Banque-Centrale-Populaire-Reports-Earnings-Results-for-the-Nine-Months-Ended-September-30-2023-45636030/,
BCP,BANQUE CENTRALE POPULAIRE,"June 30, 2023","Banque Centrale Populaire Reports Earnings Results for the Half Year Ended June 30, 2023",CI,https://www.marketscreener.com/quote/stock/BANQUE-CENTRALE-POPULAIRE-6498628/news/Banque-Centrale-Populaire-Reports-Earnings-Results-for-the-Half-Year-Ended-June-30-2023-45608397/,
BCP,BANQUE CENTRALE POPULAIRE,,Supporting the private sector: Atlantic Business International and the EIB sign EUR65 million agreement to support companies in sub-Saharan Africa through the Banque Atlantique network,AQ,https://www.marketscreener.com/quote/stock/BANQUE-CENTRALE-POPULAIRE-6498628/news/Supporting-the-private-sector-Atlantic-Business-International-and-the-EIB-sign-EUR65-million-agreem-44864545/,
BCP,BANQUE CENTRALE POPULAIRE,"March 31, 2023","Banque Centrale Populaire Reports Earnings Results for the First Quarter Ended March 31, 2023",CI,https://www.marketscreener.com/quote/stock/BANQUE-CENTRALE-POPULAIRE-6498628/news/Banque-Centrale-Populaire-Reports-Earnings-Results-for-the-First-Quarter-Ended-March-31-2023-43977256/,
CIH,CIH BANK,,Credit Immobilier et Hôtelier Societe Anonyme : ISSUE OF ORDINARY SHARES THROUGH A CAPITAL INCREASE BY CASH CONTRIBUTION,PU,https://www.marketscreener.com/quote/stock/CREDIT-IMMOBILIER-ET-HOTE-6500723/news/Credit-Immobilier-et-Hotelier-Societe-Anonyme-ISSUE-OF-ORDINARY-SHARES-THROUGH-A-CAPITAL-INCREASE-50329587/,
CIH,CIH BANK,"March 31, 2025","Crédit Immobilier et Hôtelier, Société Anonyme Reports Earnings Results for the First Quarter Ended March 31, 2025",CI,https://www.marketscreener.com/quote/stock/CREDIT-IMMOBILIER-ET-HOTE-6500723/news/Credit-Immobilier-et-Hotelier-Societe-Anonyme-Reports-Earnings-Results-for-the-First-Quarter-En-50135974/,
CIH,CIH BANK,"July 09, 2025","Crédit Immobilier et Hôtelier, Société Anonyme announces Annual dividend, payable on July 09, 2025",CI,https://www.marketscreener.com/quote/stock/CREDIT-IMMOBILIER-ET-HOTE-6500723/news/Credit-Immobilier-et-Hotelier-Societe-Anonyme-announces-Annual-dividend-payable-on-July-09-20-49964959/,
CIH,CIH BANK,"December 31, 2024","Crédit Immobilier et Hôtelier, Société Anonyme Reports Earnings Results for the Full Year Ended December 31, 2024",CI,https://www.marketscreener.com/quote/stock/CREDIT-IMMOBILIER-ET-HOTE-6500723/news/Credit-Immobilier-et-Hotelier-Societe-Anonyme-Reports-Earnings-Results-for-the-Full-Year-Ended-49792078/,
CIH,CIH BANK,,Fitch Affirms Credit Immobilier Et Hotelier at 'BB'/Stable,AQ,https://www.marketscreener.com/quote/stock/CREDIT-IMMOBILIER-ET-HOTE-6500723/news/Fitch-Affirms-Credit-Immobilier-Et-Hotelier-at-BB-Stable-48823339/,
CIH,CIH BANK,"September 30, 2024","Crédit Immobilier et Hôtelier, Société Anonyme Reports Earnings Results for the Nine Months Ended September 30, 2024",CI,https://www.marketscreener.com/quote/stock/CREDIT-IMMOBILIER-ET-HOTE-6500723/news/Credit-Immobilier-et-Hotelier-Societe-Anonyme-Reports-Earnings-Results-for-the-Nine-Months-Ende-48497816/,
CIH,CIH BANK,"June 30, 2024","Crédit Immobilier et Hôtelier, Société Anonyme Reports Earnings Results for the Half Year Ended June 30, 2024",CI,https://www.marketscreener.com/quote/stock/CREDIT-IMMOBILIER-ET-HOTE-6500723/news/Credit-Immobilier-et-Hotelier-Societe-Anonyme-Reports-Earnings-Results-for-the-Half-Year-Ended-47987674/,
CIH,CIH BANK,,Credit Immobilier et Hôtelier Societe Anonyme : Annual Report 2023,PU,https://www.marketscreener.com/quote/stock/CREDIT-IMMOBILIER-ET-HOTE-6500723/news/Credit-Immobilier-et-Hotelier-Societe-Anonyme-Annual-Report-2023-47605305/,
CIH,CIH BANK,,Credit Immobilier et Hôtelier Societe Anonyme : CIH BANK - l'AMMC vise le prospectus relatif à l’augmentation du capital social de CIH BANK,PU,https://www.marketscreener.com/quote/stock/CREDIT-IMMOBILIER-ET-HOTE-6500723/news/Credit-Immobilier-et-Hotelier-Societe-Anonyme-CIH-BANK-l-AMMC-vise-le-prospectus-relatif-a-l--47269105/,
CIH,CIH BANK,,Credit Immobilier et Hôtelier Societe Anonyme : CIH BANK – Mise à jour annuelle du dossier d’information relatif au programme d'émission de certificats de dépôt,PU,https://www.marketscreener.com/quote/stock/CREDIT-IMMOBILIER-ET-HOTE-6500723/news/Credit-Immobilier-et-Hotelier-Societe-Anonyme-CIH-BANK-Mise-a-jour-annuelle-du-dossier-d-i-47268702/,
CIH,CIH BANK,"March 31, 2024","Crédit Immobilier et Hôtelier, Société Anonyme Reports Earnings Results for the First Quarter Ended March 31, 2024",CI,https://www.marketscreener.com/quote/stock/CREDIT-IMMOBILIER-ET-HOTE-6500723/news/Credit-Immobilier-et-Hotelier-Societe-Anonyme-Reports-Earnings-Results-for-the-First-Quarter-En-46934597/,
CIH,CIH BANK,"December 31, 2023","Crédit Immobilier et Hôtelier, Société Anonyme Reports Earnings Results for the Full Year Ended December 31, 2023",CI,https://www.marketscreener.com/quote/stock/CREDIT-IMMOBILIER-ET-HOTE-6500723/news/Credit-Immobilier-et-Hotelier-Societe-Anonyme-Reports-Earnings-Results-for-the-Full-Year-Ended-46070802/,
CIH,CIH BANK,,Fitch Affirms Credit Immobilier et Hotelier at 'BB'; Outlook Stable,AQ,https://www.marketscreener.com/quote/stock/CREDIT-IMMOBILIER-ET-HOTE-6500723/news/Fitch-Affirms-Credit-Immobilier-et-Hotelier-at-BB-Outlook-Stable-45839088/,
CIH,CIH BANK,"September 30, 2023","Crédit Immobilier et Hôtelier, Société Anonyme Reports Earnings Results for the Nine Months Ended September 30, 2023",CI,https://www.marketscreener.com/quote/stock/CREDIT-IMMOBILIER-ET-HOTE-6500723/news/Credit-Immobilier-et-Hotelier-Societe-Anonyme-Reports-Earnings-Results-for-the-Nine-Months-Ende-45510361/,
CIH,CIH BANK,"June 30, 2023","Crédit Immobilier et Hôtelier, Société Anonyme Reports Earnings Results for the Half Year Ended June 30, 2023",CI,https://www.marketscreener.com/quote/stock/CREDIT-IMMOBILIER-ET-HOTE-6500723/news/Credit-Immobilier-et-Hotelier-Societe-Anonyme-Reports-Earnings-Results-for-the-Half-Year-Ended-44859408/,
CIH,CIH BANK,,"Crédit Immobilier et Hôtelier, Société Anonyme acquired BMCI Asset Management from Banque Marocaine pour le Commerce et l'Industrie.",CI,https://www.marketscreener.com/quote/stock/CREDIT-IMMOBILIER-ET-HOTE-6500723/news/Credit-Immobilier-et-Hotelier-Societe-Anonyme-acquired-BMCI-Asset-Management-from-Banque-Maroca-44526090/,
CIH,CIH BANK,"March 31, 2023","Crédit Immobilier et Hôtelier, Société Anonyme Reports Earnings Results for the First Quarter Ended March 31, 2023",CI,https://www.marketscreener.com/quote/stock/CREDIT-IMMOBILIER-ET-HOTE-6500723/news/Credit-Immobilier-et-Hotelier-Societe-Anonyme-Reports-Earnings-Results-for-the-First-Quarter-En-44301470/,
CIH,CIH BANK,"December 31, 2022","Crédit Immobilier et Hôtelier, Société Anonyme Reports Earnings Results for the Full Year Ended December 31, 2022",CI,https://www.marketscreener.com/quote/stock/CREDIT-IMMOBILIER-ET-HOTE-6500723/news/Credit-Immobilier-et-Hotelier-Societe-Anonyme-Reports-Earnings-Results-for-the-Full-Year-Ended-43286536/,
CIH,CIH BANK,,"Crédit Immobilier et Hôtelier, Société Anonyme agreed to acquire BMCI Asset Management from Banque Marocaine pour le Commerce et l'Industrie for MAD 70 million.",CI,https://www.marketscreener.com/quote/stock/CREDIT-IMMOBILIER-ET-HOTE-6500723/news/Credit-Immobilier-et-Hotelier-Societe-Anonyme-agreed-to-acquire-BMCI-Asset-Management-from-Banq-43086996/,
CIH,CIH BANK,,CIH : results of Capital increase in cash reserved to Staff members of CIH Bank and its relevant subsidiaries,PU,https://www.marketscreener.com/quote/stock/CREDIT-IMMOBILIER-ET-HOTE-6500723/news/CIH-results-of-Capital-increase-in-cash-reserved-to-Staff-members-of-CIH-Bank-and-its-relevant-sub-42584836/,
CIH,CIH BANK,,CIH : results of the capital increase in cash,PU,https://www.marketscreener.com/quote/stock/CREDIT-IMMOBILIER-ET-HOTE-6500723/news/CIH-results-of-the-capital-increase-in-cash-42511882/,
CIH,CIH BANK,"September 30, 2022","Crédit Immobilier et Hôtelier, Société Anonyme Reports Earnings Results for the Nine Months Ended September 30, 2022",CI,https://www.marketscreener.com/quote/stock/CREDIT-IMMOBILIER-ET-HOTE-6500723/news/Credit-Immobilier-et-Hotelier-Societe-Anonyme-Reports-Earnings-Results-for-the-Nine-Months-Ende-42359826/,
CIH,CIH BANK,,CIH : Capital increase in cash reserved to Staff members of CIH Bank and its relevant subsidiaries,PU,https://www.marketscreener.com/quote/stock/CREDIT-IMMOBILIER-ET-HOTE-6500723/news/CIH-Capital-increase-in-cash-reserved-to-Staff-members-of-CIH-Bank-and-its-relevant-subsidiaries-42333088/,
CSR,COSUMAR,"December 31, 2024","Cosumar SA Reports Earnings Results for the Full Year Ended December 31, 2024",CI,https://www.marketscreener.com/quote/stock/COSUMAR-SA-41148813/news/Cosumar-SA-Reports-Earnings-Results-for-the-Full-Year-Ended-December-31-2024-49791433/,
CSR,COSUMAR,"July 31, 2025","Cosumar SA announces Annual dividend, payable on July 31, 2025",CI,https://www.marketscreener.com/quote/stock/COSUMAR-SA-41148813/news/Cosumar-SA-announces-Annual-dividend-payable-on-July-31-2025-49980545/,
CSR,COSUMAR,"June 30, 2024","Cosumar SA Reports Earnings Results for the Half Year Ended June 30, 2024",CI,https://www.marketscreener.com/quote/stock/COSUMAR-SA-41148813/news/Cosumar-SA-Reports-Earnings-Results-for-the-Half-Year-Ended-June-30-2024-48019506/,
CSR,COSUMAR,"December 31, 2023","Cosumar SA Reports Earnings Results for the Full Year Ended December 31, 2023",CI,https://www.marketscreener.com/quote/stock/COSUMAR-SA-41148813/news/Cosumar-SA-Reports-Earnings-Results-for-the-Full-Year-Ended-December-31-2023-46580058/,
CSR,COSUMAR,,Wilmar International Limited completed the acquisition of 43.275% in Durrah Advanced Development Company from Cosumar SA for SAR 240 million.,CI,https://www.marketscreener.com/quote/stock/COSUMAR-SA-41148813/news/Wilmar-International-Limited-completed-the-acquisition-of-43-275-in-Durrah-Advanced-Development-Com-45648969/,
CSR,COSUMAR,,Wilmar International Sells 30% Stake in Cosumar,MT,https://www.marketscreener.com/quote/stock/COSUMAR-SA-41148813/news/Wilmar-International-Sells-30-Stake-in-Cosumar-45478626/,
CSR,COSUMAR,,"Sucden and a group of Moroccan institutional investors (MCMA, MAMDA, CIMR, RCAR) completed the acquisition of Cosumar SA for MAD 6 billion .",CI,https://www.marketscreener.com/quote/stock/COSUMAR-SA-41148813/news/Sucden-and-a-group-of-Moroccan-institutional-investors-MCMA-MAMDA-CIMR-RCAR-completed-the-acqui-45491758/,
CSR,COSUMAR,"June 30, 2023","Cosumar SA Reports Earnings Results for the Half Year Ended June 30, 2023",CI,https://www.marketscreener.com/quote/stock/COSUMAR-SA-41148813/news/Cosumar-SA-Reports-Earnings-Results-for-the-Half-Year-Ended-June-30-2023-44974780/,
CSR,COSUMAR,,Wilmar International Limited agreed to acquire remaining 45% stake in Wilmaco from Cosumar SA for MAD 85 million.,CI,https://www.marketscreener.com/quote/stock/COSUMAR-SA-41148813/news/Wilmar-International-Limited-agreed-to-acquire-remaining-45-stake-in-Wilmaco-from-Cosumar-SA-for-MA-44546406/,
CSR,COSUMAR,,Wilmar International Limited agreed to acquire 43.275% in Durrah Advanced Development Company from Cosumar SA for SAR 240 million.,CI,https://www.marketscreener.com/quote/stock/COSUMAR-SA-41148813/news/Wilmar-International-Limited-agreed-to-acquire-43-275-in-Durrah-Advanced-Development-Company-from-C-44464688/,
CSR,COSUMAR,"December 31, 2022","Cosumar SA Reports Earnings Results for the Full Year Ended December 31, 2022",CI,https://www.marketscreener.com/quote/stock/COSUMAR-SA-41148813/news/Cosumar-SA-Reports-Earnings-Results-for-the-Full-Year-Ended-December-31-2022-43770601/,
CSR,COSUMAR,"June 30, 2022","Cosumar SA Reports Earnings Results for the Half Year Ended June 30, 2022",CI,https://www.marketscreener.com/quote/stock/COSUMAR-SA-41148813/news/Cosumar-SA-Reports-Earnings-Results-for-the-Half-Year-Ended-June-30-2022-41923642/,
CSR,COSUMAR,,CSR : Payment of dividend,PU,https://www.marketscreener.com/quote/stock/COSUMAR-SA-41148813/news/CSR-Payment-of-dividend-40856574/,
CSR,COSUMAR,"December 31, 2021","Cosumar SA Reports Earnings Results for the Full Year Ended December 31, 2021",CI,https://www.marketscreener.com/quote/stock/COSUMAR-SA-41148813/news/Cosumar-SA-Reports-Earnings-Results-for-the-Full-Year-Ended-December-31-2021-40239168/,
CSR,COSUMAR,"June 30, 2021","Cosumar Sa Reports Earnings Results for the Half Year Ended June 30, 2021",CI,https://www.marketscreener.com/quote/stock/COSUMAR-SA-41148813/news/Cosumar-Sa-Reports-Earnings-Results-for-the-Half-Year-Ended-June-30-2021-36603724/,
CSR,COSUMAR,"December 31, 2020","Cosumar Sa Reports Earnings Results for the Full Year Ended December 31, 2020",CI,https://www.marketscreener.com/quote/stock/COSUMAR-SA-41148813/news/Cosumar-Sa-Reports-Earnings-Results-for-the-Full-Year-Ended-December-31-2020-33412546/,
CSR,COSUMAR,,Cosumar SA(CBSE:CSR) added to MSCI Acwi + Frontier Markets(acwi Fm) All Cap Index,CI,https://www.marketscreener.com/quote/stock/COSUMAR-SA-41148813/news/Cosumar-SA-CBSE-CSR-added-to-MSCI-Acwi-Frontier-Markets-acwi-Fm-All-Cap-Index-38168323/,
CSR,COSUMAR,,Cosumar SA(CBSE:CSR) dropped from S&P Global BMI Index,CI,https://www.marketscreener.com/quote/stock/COSUMAR-SA-41148813/news/Cosumar-SA-CBSE-CSR-dropped-from-S-P-Global-BMI-Index-38243669/,
CSR,COSUMAR,,Wilmar Sugar Pte. Ltd. acquired 2% stake in Cosumar SA from Wilmar Sugar Holdings Pte. Ltd. for $16 million.,CI,https://www.marketscreener.com/quote/stock/COSUMAR-SA-41148813/news/Wilmar-Sugar-Pte-Ltd-acquired-2-stake-in-Cosumar-SA-from-Wilmar-Sugar-Holdings-Pte-Ltd-for-16-38298953/,
CSR,COSUMAR,,"The group of Moroccan institutional investors including Wilmar Sugar Holdings Pte. Ltd., Regime Collectif d'Allocation de Retraite, Caisse Marocaine De Retraite and Wafa Assurance SA and others cancelled the offer to acquire additional 36.9% stake in Compagnie Sucriere Marocaine De Raffinage SA from Caisse Interprofessionnelle Marocaine de Retraites, Moroccan institutional investors and others.",CI,https://www.marketscreener.com/quote/stock/COSUMAR-SA-41148813/news/The-group-of-Moroccan-institutional-investors-including-Wilmar-Sugar-Holdings-Pte-Ltd-Regime-Coll-38496189/,
CSR,COSUMAR,,"The group of Moroccan institutional investors including Regime Collectif d'Allocation de Retraite, Caisse Marocaine De Retraite and Wafa Assurance SA and others made an offer to acquire additional 36.9% stake in Compagnie Sucriere Marocaine De Raffinage SA from Caisse Interprofessionnelle Marocaine de Retraites, Moroccan institutional investors and others for MAD 2.9 billion.",CI,https://www.marketscreener.com/quote/stock/COSUMAR-SA-41148813/news/The-group-of-Moroccan-institutional-investors-including-Regime-Collectif-d-Allocation-de-Retraite-C-38835341/,
CSR,COSUMAR,,Wilmar International Limited acquired 27.5% stake in Compagnie Sucriere Marocaine De Raffinage SA from Societe Nationale d'Investissement S.A. for MAD 2.3 billion.,CI,https://www.marketscreener.com/quote/stock/COSUMAR-SA-41148813/news/Wilmar-International-Limited-acquired-27-5-stake-in-Compagnie-Sucriere-Marocaine-De-Raffinage-SA-fr-39096612/,
DLM,DELATTRE LEVIVIER MAROC,,DLM : Listing suspension,PU,https://www.marketscreener.com/quote/stock/DELATTRE-LEVIVIER-MAROC-S-3000817/news/DLM-Listing-suspension-42692304/,
DLM,DELATTRE LEVIVIER MAROC,,DLM : Capital increase by offset of receivables,PU,https://www.marketscreener.com/quote/stock/DELATTRE-LEVIVIER-MAROC-S-3000817/news/DLM-Capital-increase-by-offset-of-receivables-42207975/,
DLM,DELATTRE LEVIVIER MAROC,,DLM : Capital reduction by reducing the nominal value followed by a capital increase by increasing the nominal value,PU,https://www.marketscreener.com/quote/stock/DELATTRE-LEVIVIER-MAROC-S-3000817/news/DLM-Capital-reduction-by-reducing-the-nominal-value-followed-by-a-capital-increase-by-increasing-t-42029430/,
DLM,DELATTRE LEVIVIER MAROC,"December 31, 2020","Delattre Levivier Maroc S.A. Reports Earnings Results for the Full Year Ended December 31, 2020",CI,https://www.marketscreener.com/quote/stock/DELATTRE-LEVIVIER-MAROC-S-3000817/news/Delattre-Levivier-Maroc-S-A-Reports-Earnings-Results-for-the-Full-Year-Ended-December-31-2020-33408470/,
DLM,DELATTRE LEVIVIER MAROC,,Delattre Levivier Maroc S.A.(CBSE:DLM) dropped from MADEX Free Float Index,CI,https://www.marketscreener.com/quote/stock/DELATTRE-LEVIVIER-MAROC-S-3000817/news/Delattre-Levivier-Maroc-S-A-CBSE-DLM-dropped-from-MADEX-Free-Float-Index-34019538/,
DLM,DELATTRE LEVIVIER MAROC,,Delattre Levivier Maroc S.A.(CBSE:DLM) added to MADEX Free Float Index,CI,https://www.marketscreener.com/quote/stock/DELATTRE-LEVIVIER-MAROC-S-3000817/news/Delattre-Levivier-Maroc-S-A-CBSE-DLM-added-to-MADEX-Free-Float-Index-34175954/,
DLM,DELATTRE LEVIVIER MAROC,,Delattre Levivier Maroc S.A.(CBSE:DLM) dropped from MADEX Free Float Index,CI,https://www.marketscreener.com/quote/stock/DELATTRE-LEVIVIER-MAROC-S-3000817/news/Delattre-Levivier-Maroc-S-A-CBSE-DLM-dropped-from-MADEX-Free-Float-Index-35024282/,
DLM,DELATTRE LEVIVIER MAROC,,Delattre Levivier Maroc S.A.(CBSE:DLM) added to MADEX Free Float Index,CI,https://www.marketscreener.com/quote/stock/DELATTRE-LEVIVIER-MAROC-S-3000817/news/Delattre-Levivier-Maroc-S-A-CBSE-DLM-added-to-MADEX-Free-Float-Index-35193232/,
DLM,DELATTRE LEVIVIER MAROC,,Delattre Levivier Maroc S.A.(CBSE:DLM) dropped from MADEX Free Float Index,CI,https://www.marketscreener.com/quote/stock/DELATTRE-LEVIVIER-MAROC-S-3000817/news/Delattre-Levivier-Maroc-S-A-CBSE-DLM-dropped-from-MADEX-Free-Float-Index-35310716/,
DLM,DELATTRE LEVIVIER MAROC,,Delattre Levivier Maroc S.A.(CBSE:DLM) added to MADEX Free Float Index,CI,https://www.marketscreener.com/quote/stock/DELATTRE-LEVIVIER-MAROC-S-3000817/news/Delattre-Levivier-Maroc-S-A-CBSE-DLM-added-to-MADEX-Free-Float-Index-35318346/,
DLM,DELATTRE LEVIVIER MAROC,,Delattre Levivier Maroc S.A.(CBSE:DLM) dropped from MADEX Free Float Index,CI,https://www.marketscreener.com/quote/stock/DELATTRE-LEVIVIER-MAROC-S-3000817/news/Delattre-Levivier-Maroc-S-A-CBSE-DLM-dropped-from-MADEX-Free-Float-Index-38308199/,
DLM,DELATTRE LEVIVIER MAROC,,Delattre Levivier Maroc S.A.(CBSE:DLM) added to MADEX Free Float Index,CI,https://www.marketscreener.com/quote/stock/DELATTRE-LEVIVIER-MAROC-S-3000817/news/Delattre-Levivier-Maroc-S-A-CBSE-DLM-added-to-MADEX-Free-Float-Index-38837763/,
DLM,DELATTRE LEVIVIER MAROC,,Delattre Levivier Maroc S.A. acquired GEMA CONSTRUCT.,CI,https://www.marketscreener.com/quote/stock/DELATTRE-LEVIVIER-MAROC-S-3000817/news/Delattre-Levivier-Maroc-S-A-acquired-GEMA-CONSTRUCT-38879525/,
DLM,DELATTRE LEVIVIER MAROC,,Delattre Levivier Maroc S.A.(CBSE:DLM2) dropped from MASI Index,CI,https://www.marketscreener.com/quote/stock/DELATTRE-LEVIVIER-MAROC-S-3000817/news/Delattre-Levivier-Maroc-S-A-CBSE-DLM2-dropped-from-MASI-Index-38985842/,
DLM,DELATTRE LEVIVIER MAROC,,Delattre Levivier Maroc S.A.(CBSE:DLM) dropped from MADEX Free Float Index,CI,https://www.marketscreener.com/quote/stock/DELATTRE-LEVIVIER-MAROC-S-3000817/news/Delattre-Levivier-Maroc-S-A-CBSE-DLM-dropped-from-MADEX-Free-Float-Index-39170284/,
DLM,DELATTRE LEVIVIER MAROC,,Delattre Levivier Maroc S.A.(CBSE:DLM2) added to MASI Index,CI,https://www.marketscreener.com/quote/stock/DELATTRE-LEVIVIER-MAROC-S-3000817/news/Delattre-Levivier-Maroc-S-A-CBSE-DLM2-added-to-MASI-Index-39182789/,
EQD,EQDOM,"December 31, 2024","Societe d'Equipement Domestique et Menager S.A Reports Earnings Results for the Full Year Ended December 31, 2024",CI,https://www.marketscreener.com/quote/stock/SOCIETE-D-EQUIPEMENT-DOME-1408691/news/Societe-d-Equipement-Domestique-et-Menager-S-A-Reports-Earnings-Results-for-the-Full-Year-Ended-Dece-49714432/,
EQD,EQDOM,,"Societe d'Equipement Domestique et Menager EQDOM S A : EQDOM – l’AMMC vise la note d’information relative à l’Offre Publique d’Achat obligatoire portant sur les actions d’EQDOM à l’initiative des sociétés Saham Finances, Société Générale Marocaine de Banques et Investima",PU,https://www.marketscreener.com/quote/stock/SOCIETE-D-EQUIPEMENT-DOME-1408691/news/Societe-d-Equipement-Domestique-et-Menager-EQDOM-S-A-EQDOM-l-AMMC-vise-la-note-d-informati-49220754/,
EQD,EQDOM,,Societe d'Equipement Domestique et Menager EQDOM S A : EQDOM – Mise à jour annuelle du dossier d’information relatif au programme d'émission de Bons de Sociétés de Financement,PU,https://www.marketscreener.com/quote/stock/SOCIETE-D-EQUIPEMENT-DOME-1408691/news/Societe-d-Equipement-Domestique-et-Menager-EQDOM-S-A-EQDOM-Mise-a-jour-annuelle-du-dossier-d-47947934/,
EQD,EQDOM,"December 31, 2023","Societe d'Equipement Domestique et Menager S.A Reports Earnings Results for the Full Year Ended December 31, 2023",CI,https://www.marketscreener.com/quote/stock/SOCIETE-D-EQUIPEMENT-DOME-1408691/news/Societe-d-Equipement-Domestique-et-Menager-S-A-Reports-Earnings-Results-for-the-Full-Year-Ended-Dece-46366004/,
EQD,EQDOM,,EQD : Payment of dividend,PU,https://www.marketscreener.com/quote/stock/SOCIETE-D-EQUIPEMENT-DOME-1408691/news/EQD-Payment-of-dividend-44092847/,
EQD,EQDOM,,EQD : Payment of dividend,PU,https://www.marketscreener.com/quote/stock/SOCIETE-D-EQUIPEMENT-DOME-1408691/news/EQD-Payment-of-dividend-40650393/,
EQD,EQDOM,,Societe d'Equipement Domestique et Menager S.A(CBSE:EQD) dropped from MADEX Free Float Index,CI,https://www.marketscreener.com/quote/stock/SOCIETE-D-EQUIPEMENT-DOME-1408691/news/Societe-d-Equipement-Domestique-et-Menager-S-A-CBSE-EQD-dropped-from-MADEX-Free-Float-Index-35899853/,
EQD,EQDOM,,Societe D'equipement Domestique Et Menager S.A to Propose Distribution of a Dividend for the 2019 Financial Year,CI,https://www.marketscreener.com/quote/stock/SOCIETE-D-EQUIPEMENT-DOME-1408691/news/Societe-D-equipement-Domestique-Et-Menager-S-A-to-Propose-Distribution-of-a-Dividend-for-the-2019-Fi-33926343/,
EQD,EQDOM,,Societe d'Equipement Domestique et Menager S.A(CBSE:EQD) added to MADEX Free Float Index,CI,https://www.marketscreener.com/quote/stock/SOCIETE-D-EQUIPEMENT-DOME-1408691/news/Societe-d-Equipement-Domestique-et-Menager-S-A-CBSE-EQD-added-to-MADEX-Free-Float-Index-34152920/,
EQD,EQDOM,,EQDOM S.A.(CBSE:EQD) dropped from MADEX Free Float Index,CI,https://www.marketscreener.com/quote/stock/SOCIETE-D-EQUIPEMENT-DOME-1408691/news/EQDOM-S-A-CBSE-EQD-dropped-from-MADEX-Free-Float-Index-39007335/,
EQD,EQDOM,,EQDOM S.A.(CBSE:EQD) added to MADEX Free Float Index,CI,https://www.marketscreener.com/quote/stock/SOCIETE-D-EQUIPEMENT-DOME-1408691/news/EQDOM-S-A-CBSE-EQD-added-to-MADEX-Free-Float-Index-39319734/,
IAM,ITISSALAT AL-MAGHRIB (Maroc Telecom),,Maroc Telecom raises $330mn in first domestic private bond issuance,AQ,https://www.marketscreener.com/quote/stock/ITISSALAT-AL-MAGHRIB-IAM--1408717/news/Maroc-Telecom-raises-330mn-in-first-domestic-private-bond-issuance-50369563/,
IAM,ITISSALAT AL-MAGHRIB (Maroc Telecom),,Maroc Telecom raises $330 million in bond issuance on local market,RE,https://www.marketscreener.com/quote/stock/ITISSALAT-AL-MAGHRIB-IAM--1408717/news/Maroc-Telecom-raises-330-million-in-bond-issuance-on-local-market-50323484/,
IAM,ITISSALAT AL-MAGHRIB (Maroc Telecom),,Nexus Core Systems-led consortium to build AI hub in Morocco,AQ,https://www.marketscreener.com/quote/stock/ITISSALAT-AL-MAGHRIB-IAM--1408717/news/Nexus-Core-Systems-led-consortium-to-build-AI-hub-in-Morocco-50288130/,
IAM,ITISSALAT AL-MAGHRIB (Maroc Telecom),2025-04-25,Itissalat Al Maghrib IAM S A : Maroc Telecom - PR Q1 2025 Results 25/04/2025,PU,https://www.marketscreener.com/quote/stock/ITISSALAT-AL-MAGHRIB-IAM--1408717/news/Itissalat-Al-Maghrib-IAM-S-A-Maroc-Telecom-PR-Q1-2025-Results-25-04-2025-49715124/,
IAM,ITISSALAT AL-MAGHRIB (Maroc Telecom),,Itissalat Al Maghrib IAM S A : Maroc Telecom and Zoho team up to accelerate the digital transformation of businesses in Morocco,PU,https://www.marketscreener.com/quote/stock/ITISSALAT-AL-MAGHRIB-IAM--1408717/news/Itissalat-Al-Maghrib-IAM-S-A-Maroc-Telecom-and-Zoho-team-up-to-accelerate-the-digital-transformati-49600017/,
IAM,ITISSALAT AL-MAGHRIB (Maroc Telecom),2025-03-31,Itissalat Al Maghrib IAM S A : 2024 Universal Registration Document 31/03/2025,PU,https://www.marketscreener.com/quote/stock/ITISSALAT-AL-MAGHRIB-IAM--1408717/news/Itissalat-Al-Maghrib-IAM-S-A-2024-Universal-Registration-Document-31-03-2025-49632428/,
IAM,ITISSALAT AL-MAGHRIB (Maroc Telecom),,Maroc Telecom & Inwi Sign New Strategic Partnership to Create Two Joint-Ventures,CI,https://www.marketscreener.com/quote/stock/ITISSALAT-AL-MAGHRIB-IAM--1408717/news/Maroc-Telecom-Inwi-Sign-New-Strategic-Partnership-to-Create-Two-Joint-Ventures-49538768/,
IAM,ITISSALAT AL-MAGHRIB (Maroc Telecom),,Itissalat Al Maghrib IAM S A : Maroc Telecom and Inwi announce a major partnership to accelerate Morocco's digital transformation,PU,https://www.marketscreener.com/quote/stock/ITISSALAT-AL-MAGHRIB-IAM--1408717/news/Itissalat-Al-Maghrib-IAM-S-A-Maroc-Telecom-and-Inwi-announce-a-major-partnership-to-accelerate-Mor-49452476/,
IAM,ITISSALAT AL-MAGHRIB (Maroc Telecom),,Itissalat Al Maghrib IAM S A : L’AMMC vise la notice d’information relative au programme de rachat d’actions,PU,https://www.marketscreener.com/quote/stock/ITISSALAT-AL-MAGHRIB-IAM--1408717/news/Itissalat-Al-Maghrib-IAM-S-A-L-AMMC-vise-la-notice-d-information-relative-au-programme-de-rach-49317598/,
IAM,ITISSALAT AL-MAGHRIB (Maroc Telecom),,Maroc Telecom appoints former finance minister as chair,RE,https://www.marketscreener.com/quote/stock/ITISSALAT-AL-MAGHRIB-IAM--1408717/news/Maroc-Telecom-appoints-former-finance-minister-as-chair-49157894/,
IAM,ITISSALAT AL-MAGHRIB (Maroc Telecom),,Maroc Telecom appoints former finance minister as chair,RE,https://www.marketscreener.com/quote/stock/ITISSALAT-AL-MAGHRIB-IAM--1408717/news/Maroc-Telecom-appoints-former-finance-minister-as-chair-49157892/,
IAM,ITISSALAT AL-MAGHRIB (Maroc Telecom),,Itissalat Al Maghrib IAM S A : Appointment of the Chairman of the Management Board and Renewal of the Terms of the Management Board Members,PU,https://www.marketscreener.com/quote/stock/ITISSALAT-AL-MAGHRIB-IAM--1408717/news/Itissalat-Al-Maghrib-IAM-S-A-Appointment-of-the-Chairman-of-the-Management-Board-and-Renewal-of-th-49248791/,
IAM,ITISSALAT AL-MAGHRIB (Maroc Telecom),,Maroc Telecom reports slight profit drop in 2024,RE,https://www.marketscreener.com/quote/stock/ITISSALAT-AL-MAGHRIB-IAM--1408717/news/Maroc-Telecom-reports-slight-profit-drop-in-2024-49057899/,
M2M,M2M GROUP,"December 31, 2023","M2M Group SA Reports Earnings Results for the Full Year Ended December 31, 2023",CI,https://www.marketscreener.com/quote/stock/M2M-GROUP-SA-1408714/news/M2M-Group-SA-Reports-Earnings-Results-for-the-Full-Year-Ended-December-31-2023-46907391/,
M2M,M2M GROUP,"June 30, 2023","M2M Group SA Reports Earnings Results for the Half Year Ended June 30, 2023",CI,https://www.marketscreener.com/quote/stock/M2M-GROUP-SA-1408714/news/M2M-Group-SA-Reports-Earnings-Results-for-the-Half-Year-Ended-June-30-2023-44945748/,
M2M,M2M GROUP,"December 31, 2022","M2M Group SA Reports Earnings Results for the Full Year Ended December 31, 2022",CI,https://www.marketscreener.com/quote/stock/M2M-GROUP-SA-1408714/news/M2M-Group-SA-Reports-Earnings-Results-for-the-Full-Year-Ended-December-31-2022-44237204/,
M2M,M2M GROUP,"December 31, 2021","M2M Group SA Reports Earnings Results for the Full Year Ended December 31, 2021",CI,https://www.marketscreener.com/quote/stock/M2M-GROUP-SA-1408714/news/M2M-Group-SA-Reports-Earnings-Results-for-the-Full-Year-Ended-December-31-2021-43212661/,
M2M,M2M GROUP,"December 31, 2020","M2m Group Sa Reports Earnings Results for the Full Year Ended December 31, 2020",CI,https://www.marketscreener.com/quote/stock/M2M-GROUP-SA-1408714/news/M2m-Group-Sa-Reports-Earnings-Results-for-the-Full-Year-Ended-December-31-2020-33467886/,
MLE,MAROC LEASING,"September 26, 2025","Maroc Leasing S.A. announces Annual dividend, payable on September 26, 2025",CI,https://www.marketscreener.com/quote/stock/MAROC-LEASING-S-A-1408716/news/Maroc-Leasing-S-A-announces-Annual-dividend-payable-on-September-26-2025-50088487/,
MLE,MAROC LEASING,"December 31, 2024","Maroc Leasing S.A. Reports Earnings Results for the Full Year Ended December 31, 2024",CI,https://www.marketscreener.com/quote/stock/MAROC-LEASING-S-A-1408716/news/Maroc-Leasing-S-A-Reports-Earnings-Results-for-the-Full-Year-Ended-December-31-2024-49502913/,
MLE,MAROC LEASING,"December 31, 2023","Maroc Leasing S.A. Reports Earnings Results for the Full Year Ended December 31, 2023",CI,https://www.marketscreener.com/quote/stock/MAROC-LEASING-S-A-1408716/news/Maroc-Leasing-S-A-Reports-Earnings-Results-for-the-Full-Year-Ended-December-31-2023-46376574/,
MLE,MAROC LEASING,,MLE : Payment of dividend,PU,https://www.marketscreener.com/quote/stock/MAROC-LEASING-S-A-1408716/news/MLE-Payment-of-dividend-41136610/,
MLE,MAROC LEASING,"December 31, 2020","Maroc Leasing S.A. Reports Earnings Results for the Full Year Ended December 31, 2020",CI,https://www.marketscreener.com/quote/stock/MAROC-LEASING-S-A-1408716/news/Maroc-Leasing-S-A-Reports-Earnings-Results-for-the-Full-Year-Ended-December-31-2020-33435118/,
MNG,MANAGEM,"December 31, 2024","Managem S.A. Reports Earnings Results for the Full Year Ended December 31, 2024",CI,https://www.marketscreener.com/quote/stock/MANAGEM-S-A-1408721/news/Managem-S-A-Reports-Earnings-Results-for-the-Full-Year-Ended-December-31-2024-49818480/,
MNG,MANAGEM,"July 08, 2025","Managem S.A. announces Annual dividend, payable on July 08, 2025",CI,https://www.marketscreener.com/quote/stock/MANAGEM-S-A-1408721/news/Managem-S-A-announces-Annual-dividend-payable-on-July-08-2025-50302301/,
MNG,MANAGEM,,Managem S A : SA - L'AMMC vise la mise à jour annuelle et occasionnelle du dossier d’information relatif au programme d’émission de billets de trésorerie,PU,https://www.marketscreener.com/quote/stock/MANAGEM-S-A-1408721/news/Managem-S-A-SA-L-AMMC-vise-la-mise-a-jour-annuelle-et-occasionnelle-du-dossier-d-information-49233506/,
MNG,MANAGEM,,Managem S A : AND BARRICK SIGN A STRATEGIC ALLIANCE FOR GOLD EXPLORATION IN SENEGAL,PU,https://www.marketscreener.com/quote/stock/MANAGEM-S-A-1408721/news/Managem-S-A-AND-BARRICK-SIGN-A-STRATEGIC-ALLIANCE-FOR-GOLD-EXPLORATION-IN-SENEGAL-49167130/,
MNG,MANAGEM,,Managem S A : GROUP ANNOUNCES THE SALE OF COMPAGNIE MINIÈRE D’OUMEJRANE,PU,https://www.marketscreener.com/quote/stock/MANAGEM-S-A-1408721/news/Managem-S-A-GROUP-ANNOUNCES-THE-SALE-OF-COMPAGNIE-MINIERE-D-OUMEJRANE-48708321/,
MNG,MANAGEM,,Purple Hedge Resources Morocco acquired The Compagnie Miniere d?Oumejrane from Managem S.A..,CI,https://www.marketscreener.com/quote/stock/MANAGEM-S-A-1408721/news/Purple-Hedge-Resources-Morocco-acquired-The-Compagnie-Miniere-d-Oumejrane-from-Managem-S-A--48818737/,
TGC,TGCC S.A,,Travaux Generaux De Construction De Casablanca S A : TGCC SA - L’AMMC vise le prospectus relatif à l’augmentation de capital de TGCC SA,PU,https://www.marketscreener.com/quote/stock/TRAVAUX-GENERAUX-DE-CONST-129765784/news/Travaux-Generaux-De-Construction-De-Casablanca-S-A-TGCC-SA-L-AMMC-vise-le-prospectus-relatif--50437560/,
TGC,TGCC S.A,,Travaux Generaux De Construction De Casablanca S A : TGCC SA - L'AMMC vise la mise à jour annuelle du dossier d’information relatif au programme d’émission de billets de trésorerie,PU,https://www.marketscreener.com/quote/stock/TRAVAUX-GENERAUX-DE-CONST-129765784/news/Travaux-Generaux-De-Construction-De-Casablanca-S-A-TGCC-SA-L-AMMC-vise-la-mise-a-jour-annuelle-50437557/,
TGC,TGCC S.A,"December 31, 2024","Travaux Généraux de Construction de Casablanca S.A Reports Earnings Results for the Full Year Ended December 31, 2024",CI,https://www.marketscreener.com/quote/stock/TRAVAUX-GENERAUX-DE-CONST-129765784/news/Travaux-Generaux-de-Construction-de-Casablanca-S-A-Reports-Earnings-Results-for-the-Full-Year-Ende-49662429/,
TGC,TGCC S.A,"August 13, 2025","Travaux Généraux de Construction de Casablanca S.A announces Annual dividend, payable on August 13, 2025",CI,https://www.marketscreener.com/quote/stock/TRAVAUX-GENERAUX-DE-CONST-129765784/news/Travaux-Generaux-de-Construction-de-Casablanca-S-A-announces-Annual-dividend-payable-on-August-13-49730519/,
TGC,TGCC S.A,"June 30, 2024","Travaux Généraux de Construction de Casablanca S.A Reports Earnings Results for the Half Year Ended June 30, 2024",CI,https://www.marketscreener.com/quote/stock/TRAVAUX-GENERAUX-DE-CONST-129765784/news/Travaux-Generaux-de-Construction-de-Casablanca-S-A-Reports-Earnings-Results-for-the-Half-Year-Ende-47977203/,
TGC,TGCC S.A,,Travaux Generaux De Construction De Casablanca S A : TGCC SA - L'AMMC vise la mise à jour annuelle du dossier d’information relatif au programme d’émission de billets de trésorerie,PU,https://www.marketscreener.com/quote/stock/TRAVAUX-GENERAUX-DE-CONST-129765784/news/Travaux-Generaux-De-Construction-De-Casablanca-S-A-TGCC-SA-L-AMMC-vise-la-mise-a-jour-annuelle-47930854/,
TGC,TGCC S.A,,Travaux Généraux de Construction de Casablanca S.A(CBSE:TGC) added to S&P Pan Arab Composite,CI,https://www.marketscreener.com/quote/stock/TRAVAUX-GENERAUX-DE-CONST-129765784/news/Travaux-Generaux-de-Construction-de-Casablanca-S-A-CBSE-TGC-added-to-S-P-Pan-Arab-Composite-46229737/,
TGC,TGCC S.A,,TGCC S.A : Liquidity contract,PU,https://www.marketscreener.com/quote/stock/TRAVAUX-GENERAUX-DE-CONST-129765784/news/TGCC-S-A-Liquidity-contract-42979684/,
TGC,TGCC S.A,,TGCC S.A : Buy-back program,PU,https://www.marketscreener.com/quote/stock/TRAVAUX-GENERAUX-DE-CONST-129765784/news/TGCC-S-A-Buy-back-program-42979500/,
TGC,TGCC S.A,,TGC : Payment of dividend,PU,https://www.marketscreener.com/quote/stock/TRAVAUX-GENERAUX-DE-CONST-129765784/news/TGC-Payment-of-dividend-41056514/,
TGC,TGCC S.A,,Travaux Généraux de Construction de Casablanca S.A(CBSE:TGC) added to MADEX Free Float Index,CI,https://www.marketscreener.com/quote/stock/TRAVAUX-GENERAUX-DE-CONST-129765784/news/Travaux-Generaux-de-Construction-de-Casablanca-S-A-CBSE-TGC-added-to-MADEX-Free-Float-Index-37386382/,
TGC,TGCC S.A,,Travaux Généraux de Construction de Casablanca S.A(CBSE:TGC) added to MASI Index,CI,https://www.marketscreener.com/quote/stock/TRAVAUX-GENERAUX-DE-CONST-129765784/news/Travaux-Generaux-de-Construction-de-Casablanca-S-A-CBSE-TGC-added-to-MASI-Index-37386381/,
TGC,TGCC S.A,,Travaux Généraux de Construction de Casablanca S.A has completed an IPO in the amount of MAD 600.00208 million.,CI,https://www.marketscreener.com/quote/stock/TRAVAUX-GENERAUX-DE-CONST-129765784/news/Travaux-Generaux-de-Construction-de-Casablanca-S-A-has-completed-an-IPO-in-the-amount-of-MAD-600-0-37435808/,
TGC,TGCC S.A,,Travaux Généraux de Construction de Casablanca S.A has filed an IPO in the amount of MAD 600.00208 million.,CI,https://www.marketscreener.com/quote/stock/TRAVAUX-GENERAUX-DE-CONST-129765784/news/Travaux-Generaux-de-Construction-de-Casablanca-S-A-has-filed-an-IPO-in-the-amount-of-MAD-600-00208-37435877/,
